variable,estimate,variance,replicate_standard_error
kwh,10720.36,12950.787,1.0615457
cufeetng,355.24921,1568.7975,11.14937
gallonlp,33.42942,16.646042,12.204687
gallonfo,28.60146,5.7310352,8.3700552
